"betaAA","phi","kappa","alpha","betaHA"
0.640439104326944,0.511993949887127,75.9266194410083,0.107237867298962,0.00131007044686426
0.706360109794823,0.61736221772144,86.8645942805216,0.0929451057607094,0.00344392775437914
0.557486400264861,0.421378592094277,58.9842941156276,0.0779822961032863,0.000738963984802251
0.645927239248825,0.442030292168757,81.937736991594,0.280667889591661,0.0036491260591367
0.886280055262118,0.547203477098232,86.2868402415394,0.149400230881454,0.000546225734330498
0.563114871677452,0.535116468005104,71.7329469073192,0.0371533376199714,0.00819285398207281
0.810148933817833,0.723043302048139,103.453858105624,0.0667832278571943,0.00305930483971451
0.976711063620777,0.710155488482134,117.244409097334,0.193977371485322,0.00165371872410223
0.908791212675264,0.650637568771421,114.793169404274,0.229961253164381,0.00205405168640126
0.96798425349182,0.925710525790956,129.0989447483,0.00945532615064078,0.00430343436150885
0.673264940232834,0.568148607013365,90.2829682819449,0.134455532550501,0.00745955155102407
0.761939347760186,0.484415645732552,95.3292902917813,0.294420502350486,0.00171120661737635
0.60044554965163,0.469786996077306,73.7790803346454,0.160964611397654,0.00201034149419964
0.790553026403017,0.659238263351937,99.5993725352117,0.108760018788656,0.00206411438466754
0.924947142700242,0.543773106261986,83.0260690513571,0.15287884732871,0.000432251454563952
0.654235191803997,0.408154911721147,67.0121694810706,0.204902553990547,0.000711915686914358
0.964010719139943,0.645144348905458,120.773728812851,0.288929540248913,0.00304416246988708
0.798312177292689,0.590179508190754,100.234240712976,0.229288611754438,0.00378718508206181
0.55232431039211,0.435684295777026,60.2644739617097,0.0836776733811042,0.000992914161759643
0.605270418811197,0.316258349719821,59.0341393311189,0.266573662155872,0.000497364313263198
0.823601318581913,0.682066991276268,102.843566573416,0.105689719671045,0.00184013551631212
0.88650405103758,0.740008393780014,96.1388668831275,0.00840653164352931,0.000753734493363039
0.917152274726084,0.616558573655008,104.164745726252,0.174366740096885,0.000717463678287734
0.677161064840206,0.580753933407087,81.6946854460594,0.0817214031673857,0.0021070327722276
0.93393871870831,0.738841776287338,122.473001142998,0.178142487154108,0.00471576284966461
0.904419009749383,0.716513829109975,115.551238961003,0.162535771475323,0.00261313661577526
0.752269188346587,0.632168186655451,89.6400656239062,0.0790316006288824,0.00161372246342737
0.635550939957743,0.470240484018148,82.5168702904649,0.224345382582291,0.00431836997282644
0.997624528286201,0.452164285105459,68.2454203565132,0.108769944298317,0.00026986899177982
0.863420016115174,0.585892152413264,92.3567689573734,0.197410933638237,0.000959397877144269
0.946726480170159,0.413604855162814,77.6349290513499,0.280255129863151,0.00037812649489736
0.716834114454711,0.401347516241287,62.9930830451392,0.138592119388816,0.000368595532368463
0.629703423093067,0.523081664960664,76.8215142690063,0.0975271627141772,0.00174435294715259
0.7948624409183,0.71082645819609,103.882787043852,0.0463728465105372,0.00237995202085375
0.860567994310625,0.38074980841096,62.4181846810711,0.174004032047949,0.000286301315417684
0.759155896576094,0.610099499603337,96.7890839635115,0.141099856132391,0.00213468157611417
0.732801003864559,0.490410022730117,83.1382480162284,0.254676217868648,0.0014213145735966
0.619916608177197,0.321000614500671,70.883487094887,0.417801116117889,0.00174901110938198
0.71213784268174,0.49361922139817,86.9930004205011,0.254416109460646,0.00214570827058408
0.878618327801974,0.647429090557971,94.6412417362492,0.0867336867195009,0.000678405582285469
0.915727888574512,0.800835140410348,111.253010354628,0.06239842352743,0.00194800162880723
0.812550243332918,0.709584249585633,94.471599200148,0.0271509140244439,0.00115477170548693
0.971103885918445,0.825950898434843,130.208629711139,0.1278437594305,0.00588836448887646
0.851960350809347,0.619162165721601,99.9470097700327,0.185782852460599,0.00133729744321378
0.97130691624042,0.782730885851282,113.568727957669,0.106331659423266,0.00140026731714501
0.500373930925037,0.393900008214477,59.4333535760404,0.131474903675091,0.0015951288398959
0.890735732643108,0.517516212298589,99.0319481118444,0.289306282984082,0.000861080628249735
0.966880481117639,0.904254692052533,120.439943360021,0.0143120708713082,0.00228732004198852
0.999979740762335,0.678202341379369,107.573434770932,0.167452183027049,0.000840748996215656
0.844805814174263,0.699097671605306,113.43300271967,0.139146455819728,0.0040522772909922
0.917334067238148,0.577564403053204,79.8448172608753,0.0215053352666057,0.000375180603715361
0.598423511044592,0.521755633935486,76.6321138877374,0.0759891177558632,0.00262991522147002
0.847619008304655,0.714208601000824,100.705129315012,0.0857523445276301,0.00165726589390475
0.57157479074046,0.433939281463659,69.8590088754417,0.161799420989144,0.00146874930527047
0.902761753670666,0.752891928759942,112.082199005424,0.11750261611339,0.00245648821269633
0.985414472396524,0.820212833687923,116.082424559682,0.0364892135275118,0.000960219983513717
0.950853360887881,0.71037712946473,114.37030579574,0.178124916775715,0.00157089745593065
0.555567662880838,0.360860736827518,72.2507332130554,0.302584932442743,0.00329533831314019
0.673755335905947,0.511960192107884,66.9273468571052,0.0279988576133495,0.000611733850910692
0.688497419267487,0.516392909675547,80.8130403915117,0.161504382258012,0.00140366648791483
0.750338008188392,0.67888094519301,95.1065174390829,0.0508287873617462,0.00303578692823322
0.952894665521923,0.622331206239356,107.945001771701,0.206555709603672,0.000865877965077781
0.906697686704052,0.527600435604043,79.2102835842528,0.114214754415522,0.00039267299535904
0.865577277883835,0.59977651148018,81.9752552066593,0.036142782290437,0.000505926828343793
0.695347511533907,0.518906789877273,81.1713104211645,0.127657339526707,0.000963194938314357
0.85411542054832,0.690670937412909,108.253794878935,0.143366472813526,0.00268367338445851
0.584076557967571,0.464844099614463,70.2773895656158,0.13929490910344,0.00195423892665686
0.57577594768802,0.500090336996416,71.5759696546728,0.0557905551545946,0.00176175176602587
0.79726068035991,0.547580053841211,100.916315258246,0.283740858032817,0.00424596147134299
0.984087314754368,0.77575177369165,118.088260121722,0.0854075410236042,0.000935297878048853
0.726855289447436,0.521275016364053,80.1267463848801,0.1403163305994,0.000916579554761305
0.990420972227217,0.728432865079833,110.497596360466,0.139431658557703,0.000956481612598382
0.394765043100275,0.218292518829661,35.1862163661504,0.219272032132355,0.000492147017480265
0.815340803124057,0.723491745719752,105.209148209224,0.0430878447088109,0.00188504130792873
0.878467603540576,0.399116424209885,115.023056547319,0.518288106711121,0.0060799012321534
0.454299730057702,0.341485153713134,44.4503735287348,0.0312911666999394,0.000640453687739557
0.743682976153744,0.617388963089639,81.5642826891929,0.00861025660437117,0.000841481436291805
0.786534588012633,0.558546389030762,88.9491963561236,0.187836375232587,0.00122915330330333
0.910168482247593,0.578550122248201,116.138681736542,0.316744469429556,0.00235017695592468
0.818487448171026,0.712016802071637,109.059046258587,0.087346843073728,0.00302302397194641
0.920512592186984,0.824811373482988,118.021370355817,0.0762842431509533,0.00467735955727878
0.702132191560423,0.396459334343555,67.0781828607662,0.235949651613361,0.000607710191003752
0.730336684058147,0.664043317962778,91.188157903622,0.067476174333068,0.00430450108535116
0.756293445751347,0.58571809664978,98.0042494238402,0.173493487684386,0.00276198158854096
0.928083399347715,0.768350773280439,121.998669463364,0.120840362909585,0.00279072013261243
0.88325296462129,0.71508777414662,101.450981517996,0.0702283224332967,0.00114526927207409
0.964799439130228,0.916382474591331,121.217355439627,0.0100780979540238,0.00310601637137673
0.889664368785573,0.80752156212708,114.304751424048,0.0744366719104223,0.00698241894409324
0.818619573457636,0.698584571977999,104.412563630334,0.112701538462946,0.0039059521364951
0.785435674805128,0.322614658324426,85.8861348001266,0.468655569822414,0.000838413147490225
0.736387811099509,0.679237923308333,94.3522837955419,0.0339219111234877,0.00269199561880436
0.488319161990182,0.369994377485273,58.6778724972622,0.17304831781294,0.00177780143867624
0.640407281007539,0.570401223365852,76.0575103329123,0.012335309072325,0.00127967256519517
0.992234907797549,0.701947201440575,112.850397247519,0.143779240946144,0.00079952283629984
0.809936054889551,0.677260820159828,98.1711699794756,0.0969276800880091,0.00178037958730128
0.912690546896359,0.617655645970078,116.151345307402,0.28199610937143,0.00317079852565628
0.94006774347052,0.786386638524645,112.680970051003,0.101803731702825,0.0020726704066393
0.852604233811395,0.5668184622638,92.6252255473479,0.216795813031508,0.000954335728750527
0.998981893625546,0.833627317167942,132.391692400907,0.13772316736468,0.00522562275722096
0.941720224936019,0.817100546222751,117.803223441419,0.0987415079166957,0.0032308527927811
0.974841783114801,0.822649033475676,121.772780059419,0.0885394372723068,0.00198833053352726
0.640969712516759,0.383045984189244,67.8971765544578,0.285464532065195,0.000858974657948911
0.823352945881121,0.592298334291167,102.079593200086,0.258527074389998,0.00526327483253536
0.816315112636003,0.703750754351671,99.0324442551698,0.0298368295170413,0.00119623570371957
0.833519615766624,0.699914475489598,103.451755801216,0.130147016552175,0.00381263939644734
0.905931345875554,0.729600318357797,112.512596536671,0.162211116478418,0.00336715373727244
0.612134993504432,0.527440028736235,69.5213672087717,0.053522906997082,0.00150013878824372
0.790548996753133,0.65773705096067,97.6719714025973,0.107599899332353,0.00187181125496457
0.730404515828886,0.575997714611095,92.8945023971696,0.140940137001046,0.00182703815057468
0.54386810984919,0.506392026842431,67.336222467479,0.0322219058578661,0.00311137484857906
0.909027856246695,0.670928000235583,114.907939735066,0.229061173263479,0.00409814261277365
0.840715844485127,0.445327005200869,79.5704824183957,0.23475694387334,0.000488392234620865
0.913196075017589,0.736031139292624,117.588420297823,0.136300462302394,0.00227959762075116
0.702379049574152,0.611132140863893,85.2466615937869,0.0777979274063494,0.00234470402914233
0.66793743525777,0.456812633719938,64.1601367867733,0.10176161856227,0.000569796747687121
0.827061417072165,0.763209742691665,102.703103971551,0.0320881202610521,0.00257639300574108
0.798608864920267,0.735759168579012,105.337998733989,0.0325681796870703,0.00273612282405652
0.826831529889598,0.409485586947521,104.008167135574,0.469592433621005,0.00395347978736333
0.477564697975968,0.367063414832907,59.0802336185683,0.157859590285374,0.00182527266328893
0.504981713713558,0.315802709104262,52.1223671214899,0.216417199417033,0.000779790252580415
0.697957772687791,0.622796754970938,87.1552289981189,0.0338637269432632,0.00170413326805112
0.658676329129873,0.37048894738822,68.5122832324802,0.262619501621199,0.000604144514806145
0.55395235030294,0.437093325699543,60.1078169836967,0.0464222443533584,0.000746009064832017
0.879089032215523,0.500091938143603,68.7120262355879,0.0430969755998376,0.000349613605845034
0.844660095183806,0.554731727810319,110.059500667202,0.290403249194762,0.00227809181593951
0.735165760793489,0.437268806679665,78.8751699336587,0.242001523866855,0.000648796020294885
0.94857595091826,0.633906404189373,113.381866941182,0.281238298501377,0.00219434691113608
0.331237998295455,0.243353708717087,36.5993268021853,0.118620460472684,0.000860714262179098
0.863571399020116,0.623802093971978,101.171927171993,0.178615356635605,0.00114473665272362
0.899540984699661,0.600630917779532,118.290912240441,0.287127162445576,0.00311015894438246
0.715504156894963,0.583538679507362,86.4156706639496,0.118297059963714,0.00187337903644884
0.654655306188293,0.619861665564575,81.5393280848453,0.0102078605104273,0.00268321745293933
0.907748570586925,0.831848914372768,116.650333274917,0.0402142303079416,0.00291092221030914
0.927489250443613,0.776250827809796,117.203519839811,0.0817745776248468,0.00144543784689951
0.559405488244724,0.34046385716056,61.1144934537595,0.29391525664853,0.00119363776406995
0.565931382117792,0.296821043383063,62.8442564977668,0.393187594661558,0.00133081019436603
0.337403246066913,0.240669857479069,30.2876009572598,0.048639462005756,0.00056525907893704
0.797505784770154,0.570384754520364,97.6755452179266,0.228862802549597,0.00217364584991491
0.842594773861385,0.435949416875034,98.7962460731724,0.397867365343469,0.00141586375638462
0.699928935637843,0.602393637535078,92.3211018360968,0.101613776022436,0.00339083151378521
0.752264616254462,0.597636867156274,86.6648448404567,0.0928931410537678,0.00120049501078967
0.863956673428044,0.768988986172427,111.935359338189,0.0821807112705381,0.00454700158939516
0.578635407449485,0.521206250519207,71.782368114532,0.047446298089649,0.00236721775785932
0.852230110253768,0.496509585017267,83.3424925412869,0.216667365855692,0.000553162494317189
0.791407296714423,0.598146954900456,103.708716796575,0.209555781455982,0.00425162445530804
0.700922013462932,0.566928054442265,78.3677775956254,0.0918114128786153,0.00120432653057612
0.874282630988514,0.694956591983613,103.266556964919,0.0825485343323882,0.00102676819709992
0.697146776552877,0.536034881357051,84.5670039680135,0.175768268260074,0.00199021432712754
0.92098501645584,0.79107591065081,122.699246177516,0.117429026884484,0.00585233172709075
0.78415678622235,0.649914740695333,98.8629643963644,0.12309814687177,0.00246386187618153
0.655449195941784,0.545094452701051,81.8398601022934,0.12328905668863,0.00280925963647486
0.77293237487031,0.73438629447058,101.827939762066,0.0207191622177411,0.00452113359372081
0.596887746461324,0.393333112465875,65.3873827347941,0.23759703041507,0.00111815358113398
0.865595160362319,0.718198674649271,112.14561103622,0.155652574364636,0.00914758274363672
0.710454133042673,0.441965113189121,71.3950628995989,0.177749072450169,0.000600798479860335
0.853945745399344,0.550740304874233,86.1881134366559,0.113075262557179,0.000482314441979678
0.877084435134025,0.728952624271036,110.842089875241,0.121691472507621,0.00279553360890716
0.833576454344934,0.513120587141946,110.072701347973,0.364235131286604,0.00897766199757439
0.705111016408783,0.595102033783726,87.4723084967614,0.127327913579597,0.00394616813361215
0.761641915707813,0.418773947244559,85.4807526339536,0.354234800232832,0.00107529193887295
0.810579134224642,0.550751765274083,100.28792161218,0.287962305854813,0.00374362541071005
0.628658272353183,0.303160573070725,60.3353539106163,0.362790113456288,0.000682470972834836
0.926199682398382,0.642603150162723,101.737360398574,0.142743794404833,0.00081219922334308
0.854051158969664,0.630774154911909,81.863827253422,0.0081357070953967,0.000518210665691042
0.940277241206526,0.619866905781871,102.972580133683,0.196424898778685,0.000870822012602446
0.517552555139766,0.307457470596125,56.857876639088,0.311799067345614,0.00114495880377894
0.90035520752518,0.794117170276877,109.087302664118,0.0695670819953723,0.00234103275162599
0.868024188552423,0.522743195549087,72.9108373228763,0.0615837588798205,0.000390626591906115
0.860326599352969,0.664572532019807,106.118089289016,0.159032799285659,0.00181632309732135
0.898995457760855,0.639258653133367,109.448929360365,0.198211509512464,0.00145271871101227
0.996878816245917,0.682215766948021,119.317091157147,0.227818051990132,0.0012344644610938
0.712340244654874,0.479974732255655,90.3108515699692,0.302810472210693,0.00662712877075288
0.780470962331663,0.718082244146203,102.365774755525,0.0268732423546695,0.00248532510442752
0.468322714495491,0.386853855997341,54.0230885187454,0.100373311095118,0.00166812316226958
0.827720457238797,0.587544891074824,103.873730970222,0.245288691761128,0.0025338997400529
0.9952368163126,0.776926682511432,131.074617339519,0.189080016057834,0.00470843297637217
0.991951280115208,0.721002071055488,107.947355871788,0.112611203907308,0.000772137307475775
0.632554996573461,0.494019928760886,73.8407160560095,0.128368620345884,0.00146958826356527
0.926301255227458,0.739110937879031,109.003316575879,0.0923699009111173,0.00124646639843
0.82321904955796,0.775766598844456,99.9113905544055,0.0139346292388733,0.00246274905869831
0.695792983449211,0.598211422175045,85.6984992947867,0.105123801120324,0.00344591341452506
0.613251182734691,0.42395160290594,76.2349269940981,0.266632665876041,0.00301551811385603
0.98647473731068,0.859072743334694,124.456680914246,0.103273665337756,0.00422111246627107
0.878432744901138,0.747935494527424,115.355074326284,0.112213175079124,0.00378471600215657
0.701946188607612,0.477562522986909,88.1629363319396,0.281936880593303,0.00349618720266123
0.886874921987972,0.395203698802083,64.5433065899425,0.181962583863388,0.000287244849058218
0.802241722805186,0.718692076445609,100.877333767162,0.0695335304705232,0.00340604092311806
0.654700260842307,0.557023127111938,84.7552788891333,0.118730759153712,0.00435488451832724
0.576534800278619,0.401308170030589,56.8612273851615,0.118521375718637,0.000666585026199654
0.74452139381297,0.508191695429003,88.2001863065347,0.26705696397351,0.00233711802137045
0.774209107905988,0.666264874742678,91.7725395974492,0.0257627215761235,0.00105773045113948
0.747900563628444,0.706474792035773,97.8307375800115,0.0236949308696594,0.00406852819524283
0.814469264844155,0.557434251303946,92.677145613496,0.183195884261075,0.00082892564384654
0.920810167228575,0.680642708373077,110.021353672609,0.189240464299668,0.00180333142834584
0.636511413552899,0.252186179992563,36.2978394466169,0.0876146061880282,0.000243339553374084
0.991664738036274,0.807427421970772,123.752023675665,0.156374095380936,0.00383316259735496
0.745222476741691,0.682872626538255,95.5921414449852,0.0504551477895981,0.0035907443818307
0.760739217001094,0.663221850264561,89.2934880353852,0.0241803524478174,0.00125201812646727
0.473004713178748,0.308567491400175,47.3333765517237,0.161376995346694,0.000621758330254708
0.988149068424219,0.930593016768153,120.760376349857,0.0135374562882873,0.00292765878105507
0.813477780037095,0.582545795939197,102.11212855609,0.238076927133787,0.00294064534381512
0.251536138614243,0.166094694016312,28.764036159221,0.255891478360643,0.00171950077326202
0.844840768600044,0.412510238315585,100.717633600606,0.429715001321604,0.00141009434284295
0.755480288948048,0.517035045529348,71.4867599487137,0.0384579298564785,0.000485471103394029
0.79602802976881,0.417033440551954,82.4494375788984,0.352746488093524,0.000821226594107265
0.805604906319488,0.728328792663022,95.7711360997367,0.0298136588150524,0.00166601522795275
0.545334470513407,0.364220970633668,64.2818607033154,0.274723101936069,0.00193801949350912
0.924521255365734,0.414157257539606,104.062338564507,0.452241280828774,0.00108868348981663
0.876869156745468,0.795856819515304,112.135321426778,0.0626956680043956,0.00397502528828505
0.911159905335251,0.865339994694386,117.639813792685,0.0265368454749366,0.00515175183484441
0.875601999721715,0.770814392753645,109.360326599338,0.0749012770958113,0.00292107313846162
0.763300727358817,0.594606601386143,81.3614100752979,0.0590509973157027,0.000779770932397684
0.971352495588395,0.714727935224503,115.868864582691,0.192906856057455,0.00163155937716851
0.680461314667958,0.600035466465314,82.160678104622,0.0406646445165226,0.00177818246163116
0.800722555598604,0.361447803986225,93.9359761754668,0.480992266015723,0.00163823431294681
0.894956863310677,0.68045456564793,110.074280025828,0.197270339560335,0.00278385631971052
0.603595131858967,0.392227542296046,72.1710479536307,0.310906464331449,0.00312666534486109
0.866347314024579,0.637249264230346,108.735659676611,0.242005780967481,0.00511756101274018
0.873049571009827,0.62243827537681,114.70840910152,0.240225254056212,0.00268852641455974
0.816325465273244,0.681480274696224,95.488587915862,0.0812360396223731,0.00136763873854401
0.907458844960939,0.386674746065544,78.0881622334919,0.368285216464018,0.00052198957470232
0.658453490303904,0.547405938552415,83.9566374715156,0.133290317419508,0.00351028331011289
0.919199741276369,0.642778231582604,115.771885123212,0.279957559496687,0.00626838336873677
0.688395914743808,0.620132808420782,86.2183531522087,0.0408791501853377,0.00203872364765089
0.776704175479577,0.539060717607438,78.3068541418028,0.0713375282039845,0.00059326410312089
0.850182461078008,0.713727855759784,102.084067715456,0.0677795629978924,0.00132245392583813
0.683832543886778,0.556095246794232,82.2704214525079,0.121541270112453,0.00179153833128155
0.988822402134394,0.670897434880935,114.434114769249,0.252772494562097,0.00149366376071274
0.841376185878044,0.559410786834349,107.303407749712,0.276634324907852,0.00219979152898161
0.978749424458999,0.682346004459578,109.632005592559,0.181457407848168,0.000898339967223479
0.985561276759348,0.656854259155202,117.206771991443,0.220201938373814,0.00112813304822215
0.946856876432714,0.789328641718338,122.681047383075,0.149883333471289,0.00795952916207638
0.971245472404359,0.701145360794569,102.201693671284,0.118241232937022,0.000747283378396857
0.798688240611261,0.707998198095251,99.5516191387591,0.0684197114338553,0.00247497480233779
0.741971975030783,0.650485427347054,99.3337706188215,0.0883274720968428,0.00422475646843923
0.742981168689238,0.567159697917912,82.3608311198799,0.126628768699848,0.00107400396436775
0.707731937780649,0.555022622616054,81.4186805834752,0.136495875673117,0.00154645632278925
0.580858274569881,0.504629268985225,74.1577270209863,0.0962479970350556,0.00342162248900477
0.865931493491127,0.467561913264141,61.1496576420257,0.0167397071587794,0.000274595040193113
0.869626352702727,0.348007772938062,81.3993234202052,0.434670319139874,0.000645744723101089
0.601503645494912,0.511755892137301,75.4832089829121,0.095272365757364,0.0024863951467683
0.739842322319038,0.472673267934715,84.7031960271146,0.252287029365105,0.00114315171363644
0.915802354062621,0.77330548109521,110.763708560167,0.103324107640211,0.00244298000748948
0.661813098583924,0.566893763134732,74.0981581369705,0.0244147647879704,0.00115609905110916
0.834001226892246,0.503776300913255,80.5852599745109,0.184129522912095,0.000558436061018143
0.674923338883537,0.47237668140634,67.2299049856322,0.0482333332156782,0.000523605308301223
0.661275919203808,0.607340489121744,81.101961861311,0.017193402093841,0.00205878378470889
0.919734951055086,0.638378788878387,97.3414364084695,0.103187483374906,0.000604208430621939
0.968037004166236,0.599524656728987,98.8802137489046,0.171440106151814,0.000524704806099711
0.678977845234847,0.624316884090526,86.1057211336348,0.00131732484737321,0.00175562715685117
0.880281105246758,0.331088913279501,59.2999751433894,0.2623415292866,0.000318766851362044
0.715396237413621,0.639205430350678,84.8589909540193,0.0185019433175327,0.00154542646554716
0.870696364673199,0.449552667482204,83.1856691347627,0.304322706065433,0.000599268850225783
0.787162278710418,0.614331416601384,105.631696580658,0.198936648472183,0.00837548246310303
0.964012875286885,0.704083586839909,127.884610742842,0.230958790090604,0.00326136487505526
0.764257422263485,0.58026506021933,94.0335779213014,0.143466901772061,0.00126808421110044
0.995689719195044,0.438819481064778,123.314454525913,0.516751056469646,0.00281772044043022
0.979357999413394,0.667351041490813,98.69357029329,0.125752599010976,0.00063386086470721
0.81085883485931,0.657025985794998,98.5236043816902,0.130914989166165,0.00204883178645188
0.782887530953781,0.615887712701861,95.3982463451184,0.15183691885155,0.00194200095156699
0.577943353979494,0.319081093593832,55.8921592644755,0.265317521216259,0.000660050918343305
0.772461616306363,0.591763959344203,77.6448928721215,0.017749209318372,0.000552008434419086
0.654001963051095,0.580883280905541,82.7961948864897,0.0855574369607982,0.0043248365709512
0.746155898768935,0.726337707239632,99.9147133088501,0.00984394953794898,0.00795788635513979
0.840757967195109,0.593817423793129,105.031567087683,0.233536761391508,0.00219316493537894
0.867743558945371,0.711673012752119,91.9325180809575,0.0135571913211365,0.000832259047488564
0.884120310900482,0.647383513104274,105.039990522725,0.169940818668316,0.0012089622491723
0.917828065364733,0.688181929314858,120.056121585019,0.209187927436328,0.00303311041008245
0.677021285023418,0.427074901892613,84.6314996778203,0.305039123796913,0.00198874332073172
0.622129573347248,0.458907093107396,62.247132772285,0.0606809808054419,0.000649411432404181
0.75253086405794,0.537822568341275,99.7450675805112,0.248761222575002,0.00394104950688851
0.766731411979379,0.378067268518297,65.2911499282517,0.236758717056874,0.000393928688742855
0.935253749732554,0.539800079630243,119.281751145177,0.377165175424575,0.00270716607220343
0.915994978522235,0.727349763546334,110.579661589188,0.126430862575221,0.00167405374839852
0.803660849762903,0.641028089561623,86.912243651908,0.037886221981315,0.000758715536441583
0.922767682351816,0.713894210368042,110.489582797354,0.173326667938562,0.00203558135600404
0.589592807312479,0.400399471822317,69.9836993613268,0.245362266148116,0.00170535718114519
0.794172675867459,0.67019313496418,103.199525439344,0.130889220070879,0.00562824490345993
0.751263048278137,0.57956786546719,92.8949638044977,0.153669291416077,0.0018373697466029
0.926570208816359,0.567685016412881,125.326614145989,0.359277392508598,0.00488031801951051
0.844776578106277,0.671598088848358,108.018439161197,0.165613696651498,0.00296842875659855
0.736606166212916,0.578679969229333,88.645417975027,0.176086647881217,0.00300559138169352
0.645950003170352,0.43112397981494,72.803690279112,0.204163015889401,0.00102632653722094
0.382198370492934,0.327388777293001,44.1967595153444,0.0669355413603149,0.00154233931111288
0.902613553566458,0.472980522392588,71.5620086410015,0.151771872851069,0.000382832491546525
0.849731203938908,0.69810766300321,107.498747865626,0.100300996698325,0.00177810710100543
0.80224650464992,0.754216887067123,104.781154972696,0.00704563503587523,0.00235327549855467
0.945757054323629,0.646458502015569,116.894990377309,0.234654001715306,0.00137584776498859
0.968928960051406,0.649817059930374,115.985787599992,0.262739837538237,0.00159594287334823
0.616670006505426,0.532908572701985,80.9327906607298,0.0874372945843785,0.00278645269006857
0.641946010226737,0.468120126161123,84.5419992035692,0.246731338763705,0.00638025672155305
0.841793331724774,0.622421178819868,104.183853964759,0.180329138895187,0.00151488051941076
0.833589972901261,0.682475370609071,104.336892989665,0.148252477274612,0.00361497677481766
0.753285667973913,0.434244742014758,92.1357288537654,0.346216076397442,0.0016119412915325
0.670394729172737,0.55672419932083,77.2583485361473,0.0099330145886885,0.000845104286561849
0.965889328637319,0.623680471173316,127.876457297145,0.320317731405678,0.00367256081276107
0.460984786464109,0.345678359548387,47.8841142905234,0.04836491686851,0.000677560889712266
0.755904243680622,0.634842186028426,83.2607517911401,0.0203530712872029,0.000933792203249828
0.683072688869196,0.487096242793113,72.3276191005204,0.085552372106225,0.000580770325752798
0.728106084577281,0.652118907679977,86.1240455901064,0.0269345596170884,0.00161867029771146
0.735250211260716,0.479436320424575,97.3783980093251,0.325791753514364,0.00812923825382621
0.992209505701758,0.57856286135404,111.762014414877,0.325809034036753,0.00121026600195884
0.794310672178384,0.686968734293061,101.720445068382,0.10734209842539,0.00494136413501696
0.581420952389318,0.495827442166182,71.6909735305377,0.124098253661503,0.00499396608580361
0.339866347084446,0.283337115934184,37.4777330296299,0.0286471431851105,0.000914179750222351
0.877026207807551,0.630456757850753,95.9851267581683,0.12160603644025,0.0007429134976036
0.683411515640339,0.489649136158169,64.3656232724474,0.00486332865526912,0.000490206362763636
0.926481027842557,0.844327056521903,123.855855848752,0.063187974065712,0.0058242274716309
0.895207460521815,0.479882771665045,116.021560236065,0.432677499852204,0.00418410530751125
0.909359512261727,0.633210012425375,102.338682959377,0.198518486642489,0.00106386441403203
0.638132839722316,0.507715409543305,79.2821536609924,0.176851915290015,0.00477596589009463
0.816006563889365,0.631337663534069,96.5499997280515,0.0938766376594474,0.00104874655019204
0.836559424220523,0.674118087973894,104.871107574531,0.135553945761367,0.00215818362876707
0.686165711736472,0.464135908854937,78.062370174632,0.206468888214695,0.00107496291086305
0.981938395323048,0.814604319325728,131.095290828088,0.129863019964626,0.00359562124797476
0.932307583732009,0.642972282337227,108.849541380246,0.242908087732184,0.00176653203984102
0.765905606680512,0.590325590230247,95.3656687256901,0.142112549949746,0.0013525680003791
0.934726255836539,0.602831221909824,113.362262701814,0.298165466685938,0.00190765821011127
0.658332618483326,0.504641986559897,64.5940747434205,0.0299434192971651,0.000607529516980207
0.89732678974474,0.650014236828711,100.687322830154,0.134926378918779,0.000844465796057459
0.908378873777998,0.4741658588984,90.2139344527923,0.314353447437369,0.000641280073046382
0.707796036169956,0.623048841694812,86.3350277167694,0.049029726761245,0.00163358147047878
0.828883868471361,0.790772498320466,111.589882671627,0.0164352641308342,0.00444360940577246
0.876133314161834,0.570245219418178,78.5843492340002,0.0762039544959946,0.000445719676565067
0.506850288636231,0.403216688552453,61.965323384466,0.135709448665697,0.00173603999202639
0.408824739268602,0.309704083611718,42.2749539692808,0.0506180310368965,0.000621408445513556
0.928698428652049,0.622062463025521,99.9569636325432,0.179435729392321,0.000855688749289138
0.838002501308723,0.748048274603399,107.291643980011,0.0277463435362995,0.0017183065480973
0.8610390162709,0.727916149009551,102.482980812646,0.0660598054065057,0.0014378667933071
0.921443317732454,0.681669825718476,111.195994137089,0.21131819741355,0.00256627576667877
0.794480424439503,0.706207926621197,99.283070263107,0.0342624909898278,0.001852178704112
0.589297788583454,0.457406150303571,77.366544759503,0.178505856734652,0.0029078768990626
0.702671592123167,0.483028582338685,76.7652142613908,0.204603956190248,0.00103616147938207
0.83064641953654,0.664478904828247,101.970296826436,0.105820753660097,0.00134683719900904
0.91705960461089,0.66159790320524,90.1956563814322,0.0180154318176372,0.000508219885409757
0.866732420763549,0.625224728547945,104.38971212753,0.219102335114094,0.00216557072301043
0.894032838516356,0.768517997992778,117.710209385745,0.0998087214288007,0.00307876360887638
0.695435933016744,0.381609958684919,75.1938326864986,0.302310248873221,0.000790857451383066
0.940225663467734,0.638774125319171,101.522632856181,0.187886147708741,0.000809640532989815
0.933498314291179,0.429465226816018,81.4900581992843,0.268528028468276,0.000386349069532239
0.554801750908186,0.472299825182146,67.0491525980437,0.0572204443008016,0.00142512415582056
0.596125850914352,0.410700859252333,73.4651437243911,0.244297422235907,0.00205739342585708
0.885621868247457,0.524749149262107,110.550374552353,0.381254150364933,0.00472685907945647
0.655604944328008,0.454878209335481,72.0909658867566,0.145510119853664,0.000742981914649007
0.622745160445257,0.506268807787822,81.2697356963529,0.140066136683575,0.00277374051630042
0.743812586620009,0.435621214877404,79.5853531307561,0.277883174105255,0.000770393178816788
0.980598364683954,0.843474259411504,122.182437119993,0.0488546408461644,0.00130309776504604
0.659193664293922,0.547557992238456,87.5420574939385,0.130026542020264,0.00382936904004406
0.728185696849369,0.555462383828946,72.4606022265807,0.0134447552771256,0.000617485963535226
0.828864794581566,0.555064194309995,91.9147911617448,0.172607511484844,0.000783535452654727
0.908139834164997,0.855645040760245,122.420250564186,0.0239032626295033,0.00425853495837017
0.786975158483502,0.619361847364362,97.0418722433725,0.139703384402786,0.00155383681425514
0.960184790046168,0.776308580533237,108.310644831388,0.0667020068113056,0.00102602668456002
0.733550027655473,0.530246620079933,89.3800994488771,0.181769901100667,0.00119667601351073
0.676652498642206,0.489967354968035,77.8636779793092,0.169536568074928,0.0010901471636758
0.988821498676123,0.565315190178869,116.689387614996,0.361113489041294,0.00154288162955679
0.991499398441654,0.684725497795618,119.421239503846,0.210609157422601,0.00121228748248934
0.739891078450374,0.582543034654419,96.3265278159819,0.171459777983413,0.00305612038607122
0.870366842273698,0.780629655214317,108.643928082069,0.0228573234909167,0.00175579315130207
0.9158762055685,0.850612574529114,116.699884119475,0.0461099038497528,0.00518099528385351
0.997393904417763,0.924314270278497,126.3071269086,0.0245155964182905,0.00242614343836872
0.607243077161506,0.491125659323788,73.4117905765994,0.123482944792983,0.00172231072956642
0.926916050418916,0.449660219952765,81.8551170929588,0.299562939369844,0.000487969924743875
0.709081339160602,0.57272454181163,84.3826356933681,0.0716811080934798,0.00101658375525882
0.755790310962873,0.495649179299583,77.8648650366779,0.161817594314804,0.00061468381109289
0.824512899010581,0.495761698797994,88.9985652009151,0.257110061917626,0.000801736076758823
0.653502116419127,0.534464197821834,86.4294139508222,0.149653768382835,0.00402728266219135
0.933244389757724,0.725648820753984,109.123645546382,0.145714337066358,0.00152651176499426
0.804437222233874,0.626444052856011,99.8763650878129,0.198058182492147,0.00488571533339677
0.718195521344973,0.393622432583335,53.3987959931229,0.0919117469707603,0.000340410462049829
0.740494147273455,0.581226132707741,90.8946097903683,0.181366990762538,0.00356559794169695
0.775159649414507,0.524512493709654,93.9517314753125,0.256474832330282,0.00161417508093583
0.762261144287843,0.716702976273791,98.3082499439079,0.0224897940038729,0.00341371089265248
0.824895065562993,0.636070469001321,108.217877906723,0.191296228436586,0.00342528738763376
0.649224261155408,0.594927821850101,81.0142012370325,0.00675494662713197,0.00178778317366093
0.734913218113678,0.570821530506822,79.4227971119153,0.0713949272396511,0.000751270700901574
0.808877905637638,0.473449755746992,98.7531696945018,0.342862461119591,0.00159462703291684
0.880131552564083,0.528554504134689,91.8604618739378,0.226432982931179,0.000638866271740061
0.840597128701107,0.690955967949779,101.466688442546,0.0778102918570282,0.00124505289537264
0.893399809970987,0.385318515491467,59.3894296803459,0.183504561257722,0.000322239641410776
0.818549924922704,0.758451305124534,108.356552449986,0.0283280973502337,0.00321600913750762
0.782906581869075,0.511271299176012,82.9698126158093,0.18971691792665,0.000692570790948707
0.984255640145421,0.722954504190506,118.101862520405,0.172388522593944,0.00118567491089156
0.882034507167037,0.64823178992305,109.47781066079,0.225973491310183,0.00300995866904768
0.878111638690689,0.515599797541311,71.4430786455396,0.041830334032424,0.000340609144248851
0.717019511475616,0.555597586565548,84.8922588897896,0.144637819811834,0.00153776158414505
0.904633269177617,0.811397612947699,110.212949597694,0.0341474276446539,0.00185475601066616
0.74541339363386,0.542005773790965,98.5972152328121,0.233007249681299,0.00354942073552422
0.841544908677456,0.632728345984797,104.167553398593,0.211114978714909,0.00330070994570684
0.946290666529319,0.571331841475912,107.456027167755,0.286768357209476,0.000968443706121092
0.701775773759299,0.64561417539632,91.7176404237449,0.0516610596292237,0.0044095003356356
0.99616007546397,0.68674539527614,113.129042822846,0.159309345390816,0.000846355017493086
0.762946119378731,0.664300997008331,100.618600213138,0.114303528033364,0.00997668425134894
0.576302718830202,0.408253238311754,60.9967237687454,0.11292899435425,0.000703858471119121
0.938175269218346,0.752499787535335,121.024508383245,0.156337953315774,0.00284119634510014
0.877279326906482,0.512282443800083,94.4647985880831,0.282827209909655,0.000770111590267636
0.766550385884362,0.451752755505073,61.8629263783016,0.039465919634289,0.000337469067200443
0.997675507585543,0.803534142545242,116.056303068838,0.0495651986317969,0.000933028730934973
0.859596480431512,0.54244911881289,72.6052072863606,0.0501489279683322,0.000372057404197716
0.805330573521581,0.741089152216638,100.473067129977,0.0147335450809942,0.00191073582241928
0.556457803218287,0.502006253926059,64.6775927852932,0.0161769805880324,0.00157354299492477
0.821653537317501,0.481466902523857,78.8720810543041,0.200722430302438,0.000561280694457014
0.933739254474931,0.766602629478421,117.726742926599,0.14585923857941,0.00357743197614657
0.692370547116256,0.526387537311635,77.2905520188911,0.0754890556212687,0.000851646096316792
0.729784538301458,0.446992650502198,84.2989809581729,0.298431197861465,0.0011572230818034
0.601186193034533,0.477503381152359,67.7351262666154,0.0958483756636794,0.00101830483105211
0.977098196585108,0.704265979044289,106.929324355545,0.117115280867287,0.00074867049569624
0.650698545644174,0.589666032988835,84.9060926607684,0.0481024486149903,0.00289773810134144
0.549738924752303,0.456735622755746,64.9325914941395,0.111289111230474,0.00219447408911571
0.549230748733782,0.453612605045992,65.3920287894746,0.0845402093136775,0.00136005937860104
0.920934216923382,0.66998118834984,98.6111438665374,0.0552527543086621,0.000556100132240564
0.520606511038411,0.440980764431185,60.385773759092,0.068687554132017,0.00149916533121492
0.753960629255666,0.648483266071734,92.2196451018335,0.0968172905710505,0.00278043169738764
0.967018353712631,0.568683078958856,123.258879812591,0.386430719872839,0.00535886085530005
0.925322882976237,0.376867133559009,55.0593989166593,0.123157380900856,0.000277690703442136
0.950021045002706,0.722271251242248,97.9072097853662,0.00742334539174499,0.000555666142093493
0.875294299046061,0.791494874043423,107.315921708189,0.056783499865169,0.00289560403089834
0.700688997194183,0.650925816162164,88.741268949261,0.0130697255930948,0.00223162439651911
0.828193547871027,0.695865049264376,106.345293614166,0.10678197510354,0.00235466217971293
0.564216766880778,0.389193121645154,56.2694171815729,0.11855777903386,0.000657943359638186
0.996747409520217,0.671220973858816,101.913259837562,0.105897400596332,0.000608655467934829
0.860970619135123,0.796760482951841,108.9066288487,0.0159902606520579,0.00239394182028096
0.860550250651691,0.513939989978212,70.6815742658906,0.0631001421993957,0.000368832510196214
0.995733689441071,0.460540896737848,124.37811433703,0.473519271884721,0.00166685699266509
0.667722491589765,0.51936585700117,79.9625280860692,0.170292614859976,0.00229339845179123
0.7351126197127,0.502018847991807,87.1596027867096,0.251674429837614,0.00195196960960252
0.721464618321742,0.520306499734253,89.461547724625,0.231635851245502,0.00242897416569365
0.828791560386706,0.464077995247667,75.7940900987886,0.205678158991736,0.000446638235759834
0.910981770146208,0.79858216446418,111.165160216127,0.0461318639633914,0.00151928970440164
0.98263459875178,0.432703807583407,79.7667940309948,0.269601647380946,0.000378734067338618
0.830340303812227,0.274862161556931,47.6023975438958,0.237599172340097,0.000256214894940724
0.905262465238461,0.775461289641505,118.37854787507,0.0881624149007675,0.00232886554019896
0.927847783311777,0.662598491634181,104.962548037155,0.169988461813156,0.00104026721761723
0.923950130515475,0.503233992182673,95.8897908524852,0.327284425205471,0.000772740401938086
0.74905283827369,0.655220228147466,89.2061674785581,0.0134912626718743,0.00121111784438709
0.652654646940723,0.48125432411653,76.4466292344189,0.183304228115877,0.00136569043034681
0.979658269392542,0.843447695129114,115.958692680704,0.0160142058327566,0.00111587358443436
0.879779892683544,0.499304728454915,99.5491116880021,0.337725081227314,0.00122360218914318
0.478207657901407,0.442391155618744,60.831471097128,0.00898433657553266,0.0020713864256883
0.831189910019863,0.636735799648844,111.221016861832,0.215078123508025,0.00781189906057837
0.40424093888011,0.334917202441103,51.9248203832837,0.128458277384062,0.00365902388314634
0.738257625678277,0.470507445175611,80.1318522970834,0.187895503403927,0.000713993405970489
0.539995989322376,0.459174145355941,65.6651682145799,0.100839567957819,0.00227148219997288
0.641419742184772,0.57466147234533,78.0311160851824,0.0760036495526053,0.00397014059943161
0.569103560806969,0.426311371602362,59.8864599384048,0.0796709369071066,0.000672329517611835
0.970589488656878,0.663523330190055,115.292862607517,0.229682572073763,0.00144897467648746
0.733042848954217,0.607134834530497,91.2591132600968,0.0928949220609273,0.00151394336540337
0.912440307764662,0.543871979109116,92.2384157243564,0.181822869355469,0.000507173975032714
0.735375619960221,0.431946028060197,81.3604765691747,0.295192499668407,0.00101326875518655
0.797223549696395,0.606150274816915,100.441871882338,0.205651746339337,0.00397559882066232
0.913086667843932,0.625114524786261,94.3646119080672,0.158319208508109,0.000700687542939124
0.753567147476879,0.626004816038041,101.791229464294,0.141484581263898,0.005622717340905
0.869137502235861,0.763317070467613,104.071749897144,0.0358509348666297,0.00135362011069871
0.957922396670594,0.455928711760492,65.873754517564,0.0769212080391989,0.000254846825291863
0.912253797932158,0.655948700543284,107.226545150701,0.184819014434155,0.00135590458499169
0.721460375385295,0.484784890225128,90.0147451857176,0.273401675518047,0.00213625011341064
0.859618803646895,0.716864041325348,107.201084162584,0.119811022332004,0.0026951777952809
0.974443444363675,0.610352702892171,116.477961204476,0.307996495064153,0.00160198109149784
0.874214399429643,0.61735303806277,111.094358829667,0.226675984699679,0.00187300548250728
0.86940736585992,0.684451471094409,95.7281554623529,0.0773081511135617,0.000916426957092711
0.838845157742365,0.574331218103069,95.9524987994315,0.231109186630928,0.00129187631173968
0.768739509216212,0.481481689984084,76.8833074894282,0.212356284784313,0.000637917371481117
0.645774077046266,0.491673389366932,81.2480904335048,0.21482922130482,0.00558895774737881
0.973772310951156,0.679654046461725,116.166557842265,0.222887005111845,0.00144491945401826
0.88391700602744,0.781963269035154,117.332622529956,0.0997458606017156,0.00875135239018915
0.924803378533019,0.729266276326699,124.076249710156,0.188565893504849,0.00634132478649867
0.925890713599148,0.442359476141739,85.9783401360701,0.339278395069461,0.000574615924263732
0.874951583946858,0.613436742422091,91.2187704521243,0.1289164602026,0.000701803656768392
0.800970815513585,0.658941337173726,100.281710153963,0.135206884650331,0.00291691293430343
0.602390895126683,0.287299491157769,41.4797226603817,0.13770279902234,0.00032229660066669
0.969487277667293,0.91439281920149,120.262888960969,0.0237175963538742,0.00384570339113613
0.837734618554526,0.418083046474911,78.1622467894474,0.273809046513087,0.000458945708639844
0.738347019033217,0.361813265662426,86.2204908726568,0.41553581632281,0.00110546453616081
0.852099741418782,0.593393123966017,94.696092175152,0.134180410312983,0.000773777881413914
0.962681415574645,0.724565800820501,115.874253612833,0.191578519028892,0.00205367189926433
0.568955400008792,0.365943250555325,62.0456749427977,0.254452292748722,0.00115210058643148
0.852245114263605,0.696650773690254,106.23092130766,0.135765013084438,0.00248844275876705
0.808557062792769,0.458753965427902,72.1622748938635,0.119360323685635,0.000384041386537634
0.87204589307176,0.700378207034468,107.5688030784,0.161450037713931,0.00324043638332777
0.783891495013057,0.654054476009931,101.909069057395,0.148662177312957,0.00731570330352194
0.925050922062632,0.646749858981149,107.625716504417,0.212323867014656,0.00128874932215974
0.430152980781876,0.322139089212541,51.5364782663193,0.176846079279831,0.00165170084042504
0.856508452675044,0.624139313051942,99.4056971732203,0.18931891930637,0.00149023974447199
0.515795295209602,0.232082066727892,45.1080470769457,0.30693855817004,0.000473800270976322
0.657119590823077,0.579126835946405,80.4846829446499,0.0975341136621457,0.00468571991080702
0.780733681396825,0.537024199837731,72.2957033938098,0.0258163412067303,0.000437622931198371
0.722961823656333,0.465477847967805,62.2749046956221,0.0303297705592454,0.000411135928234274
0.728065695711979,0.449070153144638,88.2552207185002,0.291346965182983,0.00137205465009783
0.582852618681974,0.345175367419641,70.5117721940433,0.373149743775917,0.00383538756735946
0.809569728186202,0.74856287837107,107.750931145368,0.0353665263995219,0.00310365044825878
0.819071569514265,0.647736529164751,106.843449822062,0.163658789107025,0.00274916980970599
0.940891993679622,0.75987604005436,120.358699217607,0.145361408925255,0.00273350772182086
0.960633615452349,0.7041636804142,102.02189784906,0.0535576146444053,0.000658507037753941
0.913733840373994,0.674409486334378,113.014459776926,0.162690368976847,0.00130588713990669
0.735446324600551,0.456144752995573,87.3021475788201,0.292375837968052,0.00145030317169366
0.765895569257267,0.454931484056706,84.5375479123909,0.282570955879582,0.000963587034783003
0.931499588342528,0.744573966015065,106.43622971762,0.114290987568105,0.00132132751122
0.904583135911357,0.6865153244931,115.903853105143,0.219656465907818,0.00585145170425637
0.549471435064168,0.486785750745995,66.285246527325,0.0360617729881757,0.00170685638367612
0.942385607657336,0.54077631310105,106.120308466557,0.284737323795325,0.000811274367218396
0.591262674252157,0.330903654044538,63.0953599824615,0.326573984572391,0.000903851891430395
0.903659587424632,0.72905766775429,102.375304645899,0.0518595575871332,0.000929945471048162
0.849797064832123,0.744669595117184,111.877302803592,0.0759100704396176,0.00259276337970586
0.576683049502987,0.456844236948695,66.9961175612648,0.135696593139908,0.00171117896770424
0.986966083849063,0.825014078988277,124.902250749512,0.122767716902721,0.00328192807081752
0.929788298068479,0.757259617442523,118.259108087548,0.12292327586854,0.00217660385549952
0.949616603047675,0.825702416657495,114.615531231833,0.0350285438945743,0.00129863644534299
0.652982644916458,0.478473751133869,80.1630139832461,0.186798542368428,0.0014530084270421
0.773957981351115,0.340576035397042,68.1767374147458,0.325337543470607,0.000459977927624606
0.932975655690326,0.364974601111345,70.9187589407831,0.295041159515795,0.000362224130514389
0.814551397388643,0.681057300875992,105.143014956686,0.122222857461567,0.00334718823124744
0.728547322742512,0.576663045848243,83.2184279548116,0.0635600513860768,0.000928270181094244
0.554267225150602,0.465987896592936,71.7529101346822,0.119463635475344,0.0035495197564794
0.837097167669416,0.505006231798531,95.6442472554016,0.315412261369279,0.00145892167112159
0.934654298415551,0.664947717360032,117.704688873999,0.238235339778622,0.00250841318260613
0.638083747999555,0.422708090473725,68.0533639495962,0.20059830988197,0.00089801997314103
0.80498048828004,0.555501231164576,96.3245600247761,0.230911020479283,0.0015962453215905
0.768345860627494,0.386322841883967,67.5966623924548,0.221230472176604,0.00044416749112803
0.560567799553924,0.538799638277897,69.9667652853067,0.00167543414373802,0.00293385417126496
0.591274851859403,0.561111501221597,76.1331993634018,0.0397873965436405,0.00940654400572497
0.948272680266803,0.682574472343512,123.176901320791,0.226820737968852,0.00228888345322695
0.451867655915186,0.323024864347783,46.6686248610891,0.122975079818507,0.000804983050475706
0.434154795738752,0.404439082778303,55.8641885221152,0.0504781019326242,0.00717692764437629
0.608618423763495,0.370367039709303,59.9457949405624,0.228474934692486,0.000753296443679766
0.778273522398601,0.550196636980547,94.017879243026,0.232765479809323,0.0019025560235344
0.803512427803214,0.680910485534614,104.08803730038,0.104354979167297,0.00270074548605676
0.987917445876897,0.622017354665871,130.489102114042,0.343281309055798,0.00497199692777437
0.620439397946103,0.382048435767055,56.7585967710805,0.114333921795973,0.000454913863051708
0.826591891363537,0.595083807254075,110.698410477656,0.258833180215426,0.00788291575293299
0.887723058018734,0.545167497565637,87.999613498035,0.187667495141771,0.000559329137687211
0.997361641352708,0.819723816277897,127.48315307603,0.132824376054601,0.00264784240580005
0.871471254593044,0.606700281119316,111.832444696379,0.269707137661841,0.00382180002851395
0.910044200207953,0.74732897109002,110.184134460256,0.126369216509256,0.00244700737365071
0.986287259132453,0.892295225512445,123.086902236504,0.0593426467364732,0.00301453233807415
0.614364950009687,0.226068515753234,49.1666747990012,0.377537144820815,0.000388500727185625
0.869346657904578,0.725905925501286,100.189264202406,0.0730909379949943,0.00129866188872781
0.975948244354764,0.696158075456072,98.2758392051714,0.0993275607801964,0.000625565575194438
0.861632954661917,0.71946612415364,99.4106258530634,0.0680510172674545,0.00117127621691181
0.559970698744117,0.358044320214623,52.5822276208303,0.15984670205681,0.000600894990456844
0.998806005867283,0.905718522443466,122.988165183477,0.0507604272762869,0.0026356430852039
0.922007903141194,0.673378538956883,102.212227031553,0.138344058142077,0.000901355924624612
0.892820511109317,0.522659188891972,91.566749409786,0.240303228821328,0.000651698605049971
0.734748842668105,0.466529855818298,84.6094889290868,0.251310897241667,0.00107262611172843
0.842318457380511,0.630307219150276,93.7030765020998,0.148817703413299,0.00110938011058615
0.873958998465085,0.666801879212339,109.520316909474,0.161874809655106,0.00150802162779182
0.686127777486698,0.603321018242881,88.6300719314659,0.0961300392070392,0.00527348106026129
0.833736424962525,0.454347683454817,98.5493612076505,0.374802658937304,0.00145959362920226
0.718497046826952,0.617069959437941,91.6352145734461,0.0999492391459408,0.00288447412866501
0.717110875442756,0.59977507227582,88.3206973287329,0.111715023369672,0.00215848177637652
0.786444523289101,0.698775812102146,100.079417217301,0.0750858308664281,0.00368997388789376
0.986176479687548,0.790113238478204,127.927539843072,0.138570190433161,0.00208986391029893
0.890077998492278,0.674490455643137,107.081635040015,0.144086515345223,0.00119339498169349
0.906153559312687,0.383268558112164,50.7711636995255,0.0559510464581351,0.000252571374486496
0.873540361018843,0.690779054592806,106.231048465637,0.170690520550645,0.00284315546217104
0.884529241887132,0.574245984958734,95.9031590593341,0.205132557603689,0.000797625689705545
0.617955176687662,0.476477598068132,64.5001803230352,0.0256383753030059,0.000590132319179398
0.805277425297314,0.696714905438178,89.7454730756064,0.0103276259391167,0.000950816851290325
0.631747309386205,0.454528692733187,80.7202843768603,0.222591730200805,0.00230589027283904
0.930829126179785,0.654509603987169,103.964927876377,0.128095678339065,0.000673829720838009
0.804833680986686,0.651038895297267,95.4783133586514,0.0821392148625429,0.00105175652656074
0.896394089214807,0.699027212566488,116.269466750175,0.16776948151284,0.00267187814314828
0.762587966783621,0.549676664050181,94.7034356387832,0.222397387836922,0.0022746488406255
0.345824416360412,0.30678060036456,41.0918733933471,0.0668928004156076,0.00268384467372964
0.898425125293707,0.564363722774208,99.3910206911279,0.229023229937042,0.000836688796013268
0.409885254390654,0.37974120035057,52.8845893282909,0.0339117598832834,0.00358793393584631
0.941694260415331,0.60604867677411,97.4017619956685,0.172662780801446,0.000648534117121794
0.826355644939007,0.63710951972765,95.8979826297701,0.0771902506552502,0.000911809445564092
0.887738387103164,0.707850654299453,111.310481634447,0.17714700222389,0.00437782234662499
0.786050175556262,0.527779370637909,76.5229997357926,0.0548421587450945,0.000483884319935344
0.801904361014236,0.5717721590893,87.0071048472986,0.143506171975719,0.000804266907699924
0.88547215529211,0.687533941715742,104.526805060736,0.0819676029472705,0.000884133054755239
0.38500311981412,0.243376464491704,37.7447377796433,0.185160930089526,0.000638292882889361
0.97389008594109,0.876297595241765,129.784639141079,0.0666602213873548,0.00362003751804149
0.85349603501084,0.53114616190113,95.3260023570662,0.272637164550072,0.00108655495525666
0.774501593444007,0.53650517839756,83.3443922228424,0.173817059487271,0.000924365904398126
0.973065670233344,0.696492445459845,119.097363886279,0.242035803052011,0.00267777715997595
0.671383184616246,0.535238991677371,73.7529302558617,0.0580575109301928,0.000857773169809907
0.804904711690925,0.571273921974646,101.266063544966,0.271729616801221,0.00635925631199685
0.47031188961918,0.386343893452725,56.5464444844413,0.0950173390226842,0.00155232578748899
0.872103017458706,0.591085807755298,105.308598992446,0.277468953721673,0.0024032195078012
0.959558844174747,0.73844476024713,116.478867442443,0.179860612370572,0.00248719778671464
0.871507619352895,0.727301731955151,109.281677440935,0.079479184514682,0.00148703193254678
0.919019208774162,0.649345794844779,99.1326200936805,0.157842152747084,0.000955406122933096
0.493968077659075,0.446906689887227,57.7060845630172,0.00656251647850225,0.00135529235037924
0.505698202288579,0.36576071295372,62.1236836309654,0.19511359017816,0.00161257097698991
0.91342974634619,0.630057543620563,120.521974515747,0.273961535108513,0.00347194685764575
0.960114942878636,0.827933904633254,121.885035567773,0.109006520925384,0.00440375754189751
0.999551502220921,0.7405260936499,128.199662301529,0.207202219235335,0.00232980722387966
0.861457967444776,0.612322067369979,107.798530304917,0.235684730434124,0.00250045146410114
0.791998261858366,0.580697061097891,83.9577848824869,0.0665259899936278,0.000685439361626335
0.895377909245791,0.638769152971951,96.8269998325916,0.145893123763054,0.0008368723193146
0.724922950534832,0.470574216599051,87.5782075256196,0.315773860492986,0.00361258902858397
0.972574695469346,0.844589902162573,123.81978307287,0.078590676203014,0.00224552254632454
0.625987484028263,0.43729495815359,72.296143107152,0.211279153397771,0.00138189346365283
0.903153549488152,0.708741063776593,100.685415359483,0.0992131167475209,0.00102643299475493
0.814439124901702,0.49561017705967,78.8045198478487,0.163491815406793,0.000536775113388476
0.941521146043275,0.629636994783948,114.233972554133,0.290241023404632,0.00271130908790294
0.977917477978703,0.825400919618905,110.453168516004,0.0520185925040802,0.00129387544468968
0.491128950163264,0.458970611736021,64.6943913132675,0.0454683454656572,0.00720960935297419
0.73794642198995,0.48856847733905,92.0038103684269,0.290814370571316,0.00283611214417583
0.978455493833528,0.812652055541471,129.518223638265,0.143177149140277,0.00513454146994906
0.785894746532075,0.53992144266454,92.0397989138856,0.222648224585923,0.00123198911165888
0.641704275484757,0.521986067756397,71.5243752773499,0.060516463743808,0.00108228994886515
0.986087865736926,0.857942259449456,130.000810108897,0.0931267604550124,0.00372293284408661
0.823958030812381,0.644256975833944,100.723777657491,0.154131622549787,0.00200740507084487
0.87156239082233,0.740061150134994,108.101106837628,0.0676252535057925,0.00144617623213055
0.960907587773947,0.737809515213925,101.476039063544,0.0704842073149316,0.000737144881644338
0.857457808713395,0.45716608010953,91.0286393244944,0.350217532467807,0.000942369359152483
0.935840791876149,0.574851885406902,113.844130973582,0.30640738132019,0.00134259334817098
0.800882813423601,0.470335695402886,70.2281121242199,0.149095343844976,0.000477053823423938
0.7086874725233,0.431957115966867,67.0923073790711,0.152166591006113,0.000543177531178933
0.869707222401898,0.682039758720177,107.564647123872,0.171261194903823,0.00247180119134597
0.624388593306364,0.443037089933619,67.3721038160709,0.133970344288369,0.000782084241800299
0.953321112382754,0.549319671739172,120.344418841305,0.389597234131974,0.00343217681451793
0.774071373148058,0.685864483599828,103.403323650589,0.0930233156630869,0.00694727610280602
0.986401023175871,0.736923326153166,113.251919664208,0.101110307420428,0.000806636084303736
0.820864116721392,0.478073743482424,101.544313586999,0.373435321330338,0.00279083709829768
0.977743338965164,0.774225771696492,116.372764477556,0.0766760041738404,0.000954926598675609
0.832043862577172,0.325307438215086,58.0497951527249,0.285901171987611,0.000319591981439575
0.562313265847776,0.358364065435555,70.9447282732181,0.318599238992729,0.00305195455981393
0.900053813911766,0.772270605616811,110.360205652463,0.112069150290983,0.00379608641470091
0.942470713655843,0.636941482999119,116.967062677624,0.248222011627362,0.0015341746368732
0.540606809207058,0.361745147498495,50.0497835513012,0.0422581386965464,0.000461551840436255
0.724017694919646,0.618313449113863,94.5917767212039,0.104258844812592,0.00302061020970992
0.919212968640042,0.723397821879472,122.0335673498,0.186404299152829,0.00537987687698829
0.843098254203057,0.609195713998596,100.061952124284,0.186495597071719,0.00133822785475541
0.617045919957213,0.464113144521053,74.8929719416019,0.170042718251668,0.001611259699131
0.70379436709428,0.277772844266431,37.0544754967517,0.0655800054359374,0.000216092528351081
0.695871776098505,0.38325600812589,83.5437761677718,0.410157150832349,0.00287150641519271
0.970830159672686,0.649755268543549,111.637846042554,0.182538967038529,0.000873714678508756
0.903763757156013,0.651557179824169,117.630337629457,0.227088477952322,0.00267526932879415
0.87831226743894,0.458126734298766,88.3943692602746,0.284613863662653,0.000556927286786444
0.954639177432213,0.806123020755785,115.957049137705,0.0632689433012057,0.00132606590035923
0.929977769048922,0.819256826468035,114.83770690259,0.0654689364527042,0.00238191338628805
0.970882875369176,0.563379541901906,75.5182443066759,0.0179255863902025,0.000315714095610329
0.756625113634636,0.50889895465091,78.132451714468,0.158808480320038,0.000677119854199767
0.423672409932673,0.180794731136189,46.2425842123043,0.479173568650162,0.00116154731915349
0.952368044510177,0.861503985150474,122.036500422271,0.0727133438577921,0.00526027127937991
0.541306312154983,0.405157274315633,64.0812076218602,0.150521487908061,0.00132769572168746
0.982511317963385,0.682990157811894,88.7381458841234,0.0199696130451197,0.000483243284354872
0.724240257545321,0.399675292918921,78.3240605414722,0.315850324011003,0.000821947911446793
0.585611019454704,0.521812174971751,74.3115082428745,0.0728884690990674,0.00336401740050217
0.970590051055997,0.584346609013766,114.775059047836,0.321921822198705,0.00155633710561416
0.769920172619335,0.670200476572466,94.9524731125566,0.0468991544913497,0.00154760109965727
0.691444094344812,0.428207819038179,91.0720865335645,0.345524439351921,0.00460941366639349
0.77616156738841,0.510838753165318,95.7618308737042,0.308349799180638,0.00366172003169465
0.799846417105211,0.606344629319127,91.8967298658655,0.0888471986418476,0.000858152286728567
0.849082956609297,0.788357588876088,107.731977515395,0.0075426370064469,0.00202593523350584
0.684869228248435,0.575286135366026,82.4031546119766,0.0532840533970614,0.00129454078059887
0.961280131382065,0.710744008769875,109.286269629002,0.107613781000905,0.000817224707556768
0.898591977236267,0.690903187529671,114.084080814418,0.165601596697602,0.00191283411920663
0.653715806397869,0.364082923284071,85.0766326068171,0.397647153943022,0.00318795665286794
0.719546063496968,0.489812295574912,93.7441137239643,0.297180149277015,0.00735358502477561
0.693473653512429,0.483100664670822,88.2777376905362,0.252396649062446,0.00263124232426415
0.633430231528118,0.486170446141168,71.1758089206329,0.0952877283350528,0.000937326196045636
0.776009073729195,0.421365514626702,99.0605908957325,0.419767942308882,0.00366598804156228
0.898406247894401,0.752141600792094,110.704625558027,0.122071557092414,0.00274942741016525
0.802429974155583,0.313365104192282,71.3455975191885,0.387565917778469,0.000501324834233767
0.653740517006147,0.566649797681282,80.1356363610001,0.107033124378076,0.00413459016983482
0.560182473611658,0.388091441728759,63.6370500939103,0.2382942978711,0.00154563966739822
0.715624202797207,0.53414696336633,72.371953400145,0.0537862109549011,0.00062396939216862
0.872287711504086,0.576232798551394,84.5284685043319,0.0566728285992844,0.000478485369484889
0.711909673408052,0.566014046639815,89.3271407029334,0.172871860550276,0.00405297841657759
0.664550629053867,0.459282892427805,70.979588230772,0.133884934017634,0.000645880102453613
0.947443020009361,0.671946319665758,120.198612416822,0.242341031481874,0.0024630525874106
0.747555892763708,0.514590163577186,92.2673101313211,0.271754283596024,0.00312949988602887
0.93881232952551,0.795658919151356,118.953368279045,0.0872021245788878,0.00207184352424964
0.655049709157371,0.49555534342213,67.6220851809601,0.0812364177873702,0.000687561421791454
0.912164533279065,0.649611873828319,106.276442330337,0.16949409058894,0.00112789255257797
0.909963177241118,0.730989503169473,105.65964581636,0.0616654702497439,0.000985693893505735
0.715341695577308,0.460510152094202,82.8885527382994,0.255254998951686,0.00116999975990549
0.72653949064078,0.550584982687241,91.8643414170646,0.18695520236638,0.00247255399114827
0.816993001188782,0.607220211655831,100.472370874078,0.220215399199851,0.00339784607530742
0.909891841383505,0.587721149292249,113.27188161399,0.288018137154931,0.0017490432295452
0.836871508096419,0.5646659024869,104.663576404697,0.294302620545631,0.00411021877512403
0.721896025202188,0.414722818131685,74.2919735224628,0.260278563427508,0.000684445337633954
0.871678241290852,0.5666106541286,112.654970024538,0.330730190101859,0.00721102457844114
0.545231253169357,0.392729949422161,66.0207043535695,0.254443425343692,0.00464560570653806
0.704569548416133,0.479252549445261,80.6838521004334,0.228573284104415,0.00133371937487342
0.462267416332255,0.365728894340256,48.4253581923702,0.0693668718232054,0.000832712570852306
0.803265223139703,0.522322811576178,98.9992124218055,0.299165838832177,0.00237523009453209
0.540732917538871,0.456732102804107,65.1581842753971,0.0414323243908068,0.00122415145074051
0.775280926125453,0.610925123519368,91.8828284510673,0.103659585643861,0.00125242214722055
0.792721721411382,0.703493860301072,101.94329149283,0.0682428046529965,0.00282057310306077
0.851653717907167,0.662857239513664,105.274950591312,0.18871241973119,0.00339832767731137
0.502075494192066,0.430837144365601,60.6869931714766,0.119166950527953,0.00421449268533533
0.700450133104531,0.497327286513514,90.1493694300379,0.232395589127648,0.00239431705028258
0.910926210149626,0.731102119845946,101.281451008234,0.0533621964578193,0.00090159995152328
0.796536212945674,0.569911804740003,102.522523899532,0.222322399939651,0.00205652972227959
0.761587707506407,0.627685569630516,85.147747096164,0.000946136660799228,0.000822441589584026
0.709281630440164,0.457379939856447,81.4047857717393,0.231373099897614,0.000935760651188728
0.924342296910867,0.81722599815716,115.798265526617,0.045748201664488,0.00172482184886036
0.831407098898168,0.745147609194261,111.435561002269,0.0751307074815912,0.00492166435290116
0.844867958530265,0.590403784532341,105.675542013577,0.227152789514039,0.0015996666141131
0.794615275569231,0.216707446805131,50.6116184243144,0.459630091916233,0.000349241456065848
0.834584111193378,0.423407458927977,101.734799977388,0.465276078162458,0.00422774168920359
0.930096493016645,0.446996338078343,100.386879622224,0.398069787038523,0.000857312805972709
0.562827393488479,0.440556976475363,68.5872763416541,0.119139215300998,0.00141794211362617
0.860199400015135,0.492238512446351,106.081860163258,0.389576319239949,0.00343541954271402
0.620256998200459,0.427522434746022,77.5198739238907,0.268832749267209,0.00283296849714537
0.731878495077606,0.602415259197115,83.8277755603643,0.0543206894835798,0.00108795635000613
0.732261914366892,0.546877380344183,85.8503591536666,0.140600190511241,0.00105736545874543
0.688115694976576,0.477104945841821,77.5299150406607,0.202565403387803,0.00102526077774181
0.786620696194294,0.460171646394205,92.6006418178436,0.365768332424219,0.00240713735206332
0.726168717194922,0.677403376582217,94.319378012619,0.0238285639097524,0.00306361823989097
0.519984556482294,0.180776903874769,24.8140876993243,0.14547596057294,0.000221058801893241
0.773828198034507,0.654158864690714,98.1434876813082,0.117033025337345,0.00301097593040856
0.933686606868264,0.728088682638677,122.330412667677,0.177897788713162,0.00334979483768148
0.972735426746574,0.856999128580691,130.798468203989,0.0828443247312054,0.00348217315566517
0.699606738574633,0.467109289528275,76.7753259331491,0.201737569483165,0.000815631573258662
0.939599184263464,0.805245580730886,120.586056157114,0.11019697795131,0.00414575696980668
0.745014931822852,0.380416371234516,68.3872958303464,0.247726752920834,0.000474059815541365
0.626214054603847,0.376357363252655,71.5068043817372,0.284911834588914,0.00109016973132754
0.862336291080069,0.329431938904514,58.5377140928813,0.239749163036707,0.000284792008231442
0.919462353509608,0.717415209427964,110.23784151142,0.143343854981967,0.00155731693711609
0.818852139889992,0.446760067179358,103.888095985895,0.434837967302789,0.00901674650141684
0.835367769426797,0.564290773132456,100.885643617536,0.254372679356132,0.00180303931023184
0.891519987554986,0.812732330194072,107.214259449588,0.0219088648929632,0.00198217555892436
0.588171278831173,0.447886765163172,71.7903752452767,0.175773241463522,0.00189280067765578
0.945257725292998,0.871696685192945,120.546312186809,0.0407419567859508,0.00328985505400375
0.882192525727036,0.688800333568825,113.613013663483,0.172357465489621,0.00251232035716633
0.431704960145799,0.312560269009714,52.1474047660023,0.255165405523859,0.00615818220205686
0.967854701177862,0.669656295135605,96.2412872121095,0.0327486448711071,0.000490698259849212
0.398263323792814,0.265721054855025,37.8555525849661,0.107166235773072,0.000573268472513777
0.460858548362678,0.299839195646006,48.5255017657043,0.183110544947729,0.000799292931974618
0.861937540206388,0.635636061548027,95.1540836696302,0.116346944205881,0.000804364934722749
0.700424979364267,0.3545165196767,49.7549741745507,0.0745081599800762,0.000328781993021846
0.838336709018196,0.441129514890188,94.4469225910785,0.351943578512399,0.000905089758383755
0.661146929831285,0.453151650280377,68.4627389104835,0.153285608595547,0.000793110680847984
0.873955300440511,0.718962364215851,108.362916038253,0.119152954607939,0.00226018212318322
0.631216175628424,0.455572860764553,68.9159287411339,0.16240332663157,0.000960497679056682
0.468420547151831,0.374864357821228,54.3456574364222,0.142763188632454,0.00198653750517151
0.965652268546779,0.801648359212038,121.327450478313,0.0738533881964888,0.0013797073713626
0.94919922547516,0.846950732014897,119.254613687511,0.0484142714184348,0.00209889460591268
0.943345164038372,0.653461657720194,126.262023953998,0.274924534729127,0.00456237729112345
0.773772514399266,0.653861271124486,86.0203895416312,0.0356027458964444,0.00102133783133856
0.715696238856795,0.521980140253879,89.5650839337335,0.224007648580211,0.00245280096823288
0.943479995567231,0.638433352840052,119.180781185963,0.296536504609533,0.00453282448083572
0.592840468576224,0.562082860980555,71.4610279415811,0.0190548110822307,0.00339077981303404
0.740174564727715,0.375096578919596,58.7513986648814,0.184346072732003,0.000356112197767012
0.871853317213908,0.7601212096664,111.85842069896,0.0685341085175116,0.00202058671827888
0.804280675009193,0.656509464583449,94.2586507549828,0.0392191055052739,0.000926839248155615
0.97368295887492,0.527316320505484,113.419479412479,0.403880714373715,0.00179811753290059
0.770247315791313,0.271001985438026,39.1413228267539,0.0798896857555198,0.00023143105363129
0.86069656084539,0.753839526374746,116.420512863384,0.0939089514527576,0.00423569156088631
0.849369945959824,0.797200046372195,105.612870053417,0.00975082172064454,0.00238978457322988
0.664103086302679,0.563034173173166,74.3708997654645,0.0121220992468389,0.000880803890654995
0.909204891744422,0.866089081628918,112.980007854227,0.0258099042529131,0.00494890203674251
0.584367617791074,0.461260895804013,66.0716121504978,0.0894557517602441,0.000945338940894441
0.846223571232839,0.716963264695366,105.80706778049,0.101969667613979,0.00235089223688134
0.696890118943786,0.646959042243957,86.0912055887817,0.00654886752639033,0.00216573619083845
0.92146914386246,0.500335419050908,66.0274250157302,0.0171134012111865,0.000323436600346789
0.744332198054118,0.460504997057343,78.1935839842673,0.20326786874755,0.000625436042772213
0.542136629911622,0.473456516731334,67.5741691437959,0.0684255958188019,0.00202934714085662
0.94577141075143,0.634961003686757,100.343502975328,0.194522445736881,0.00091966681606634
0.992538367741181,0.548867355764657,111.867012459151,0.354339240196494,0.00122444775908314
0.777485180110308,0.584682491268584,85.8408227416838,0.0796463665311842,0.000704397419849621
0.955527328968126,0.777393389277479,116.943294773577,0.0993230479289941,0.00138967011675326
0.72971841113742,0.535526411441219,83.347039537391,0.106517971920222,0.000828339778684368
0.768117871510423,0.6683852139679,95.7692417519318,0.0902288990773066,0.00277684378424744
0.902810802919487,0.502027604284474,100.752658526714,0.316316156155564,0.000844080083891237
0.787626575577906,0.691230604698147,101.661586698834,0.0890946751122645,0.00411332786818817
0.753487727498633,0.692363740780659,95.9585087216574,0.0370167514683983,0.00283433143973164
0.94630873023926,0.675518281201507,110.533348323341,0.163640832204867,0.000977007523434527
0.770391521979492,0.506320027239187,99.9057059340552,0.313957288004735,0.00480258637934653
0.772027810603485,0.565926055102328,99.939537113632,0.238052593260052,0.00488144221267997
0.864186750888121,0.685126183067351,93.062640463949,0.0197321121671555,0.000756940062296852
0.759091618870018,0.505797796014559,84.644491058134,0.203782395739694,0.000866866348203718
0.42823866201403,0.31166577761722,53.7030723898248,0.209725570151429,0.00210518080544452
0.916424699208473,0.651275109121465,117.150243372314,0.272511220591969,0.00767433857303939
0.990840841225077,0.752559394955044,127.080896623609,0.206961315342718,0.00351318321725196
0.51205727942161,0.427459400621312,60.9231794563038,0.114361670736434,0.00228280738460103
0.665594828962514,0.5204490236418,82.5005833183698,0.129132704735716,0.00139416622628948
0.547860551711489,0.381022606416824,56.173634324847,0.141335960251213,0.000735664673771919
0.924880331992493,0.807671237908557,109.889192099354,0.0628920593457899,0.00198665723017356
0.948614174815675,0.827907958351591,116.197159640268,0.0944451571315036,0.00354745668312603
0.719059398000117,0.536629309513806,89.7673480643159,0.234312112007774,0.00683878295436897
0.679038723150487,0.575361578282531,84.0658712558978,0.0787365322841409,0.00164468320598892
0.757793355742362,0.44586975223179,77.3672391261132,0.252647466692689,0.000704173355141971
0.73869899940771,0.555457852650068,91.9149671460121,0.186589496282281,0.00186648256444132
0.837883387531647,0.461088547523274,91.5856271443889,0.296294072684354,0.000736746384036816
0.397841045227135,0.327713174235099,47.5536594845706,0.081931532923173,0.0015070159098196
0.839236246940479,0.737323249156196,105.242103441821,0.100563758875371,0.0050152162716056
0.84723310659216,0.625478192753662,82.3752132589841,0.0114796503320948,0.000509619758418411
0.962981133777137,0.883496550578551,121.477855924009,0.0440305455928357,0.00343041916797695
0.746473794638846,0.306341093847421,58.8084276687112,0.318932879922634,0.000420972427254605
0.623199148169756,0.454040521712549,76.023657445369,0.208809838100482,0.00197462707770914
0.800886859636232,0.676706077096358,98.8842069245173,0.0693401518860203,0.00137501599996277
0.49488863036504,0.364140419327503,55.2370113303909,0.156379507545312,0.00120581120780718
0.776590196539986,0.689378662370104,96.6175259222094,0.0734421112095372,0.00334577062869477
0.751006084627242,0.63854604789021,98.554960514915,0.123589750013987,0.00540354521491506
0.936167528076479,0.676439513275019,113.395376065702,0.195628517497013,0.00142535259098679
0.969150770811778,0.613603806265692,112.759503542353,0.288921252541284,0.00136638287901078
0.954056892325733,0.816069019011857,112.929646187981,0.0475947325389843,0.00125533495340672
0.654804838789684,0.544396273885312,77.5444181998832,0.111609717939166,0.00191009974025247
0.868948589562081,0.504549263860095,104.063790581789,0.320711148143976,0.00117261071204198
0.705878973552537,0.651781086862067,86.0807882692778,0.0461337454658552,0.00369977742721884
0.737977258459779,0.65364098274828,86.0751832697181,0.0143978610966735,0.00137869747254013
0.694096928625807,0.601130809615139,83.2193027106943,0.0739852018698851,0.00186775708364391
0.706802487404774,0.557143621122235,80.5206452509041,0.0782991351162271,0.000947479224634491
0.931768514597981,0.485875203332829,114.876608213657,0.4190101686228,0.00171329733126029
0.913673427239768,0.810204947087279,114.688080760086,0.0291383870800461,0.00158049910488849
0.714708466195025,0.51568391805326,84.7558903234182,0.158600158968015,0.00113654935263497
0.855620952973616,0.755917708426316,111.704528064979,0.0673629372124862,0.0025371740705094
0.893077923361592,0.647953938167174,104.914617362505,0.205883910711433,0.00158467903070234
0.836132082886064,0.528435739381328,106.438359493152,0.324969374465888,0.00273427539282651
0.344747954341553,0.254534018833484,32.9931892297044,0.0564109789302468,0.000602095710070679
0.837642037931243,0.69918535649742,108.189245539045,0.113570482040802,0.0023036062689624
0.922548664595406,0.60232628511487,98.7168055759156,0.16347257004229,0.0006830917671822
0.938397553525363,0.762881833348687,110.210985677599,0.0558919037225572,0.000925777326401665
0.82781666421694,0.365711197294259,81.9705010191469,0.415007051898201,0.000749540538434687
0.895837278915244,0.467024309435841,110.944774489943,0.451239803816469,0.00511047110721984
0.846615675329737,0.68019511988354,109.455318073393,0.15062043630754,0.00272517847936512
0.882896271405128,0.798641603863406,116.604052195539,0.0565267899617504,0.00316043478757107
0.957041799674313,0.203271459613364,32.882586699591,0.231769809229424,0.000207194460669344
0.905458422174618,0.742664383793556,113.745653797338,0.108551067464266,0.00195874419557055
0.879416360575614,0.758569108561916,111.021783032139,0.0878583191576046,0.00250050113834902
0.645497175583792,0.510960727266736,79.7313188127717,0.139232833121497,0.00185513299374096
0.888447206633042,0.642061644472331,107.550477792726,0.204055192630352,0.00153556755091625
0.941393244638466,0.573993018700752,105.80707780852,0.271628539993256,0.000941498542843943
0.678943093125914,0.428452787346599,61.6397652952632,0.0558738250342948,0.000376846854328148
0.829309329616857,0.586613225549666,96.404604245401,0.221781281660989,0.00177193488881947
0.332944828667997,0.29040372139542,40.4600047167854,0.0726752964770736,0.00253920222440479
0.906110260910572,0.662178033965517,119.617401923897,0.234277598292525,0.00378060191546332
0.609448615936938,0.482746879471327,79.1843704571604,0.18030675495548,0.00542854470946796
0.893218780027104,0.780940513402189,110.380732161134,0.103391389868152,0.00448725631002674
0.836338743892113,0.528354192754879,82.6618778617527,0.148927525661125,0.000505174967740586
0.945558293923798,0.573130411595246,112.158948713914,0.318334516395536,0.00160370720797813
0.792208692333987,0.672687343423313,101.015456383608,0.0953677180678779,0.00222772739383136
0.875684189628041,0.606246754728732,99.2949117883753,0.152664721359764,0.000802837622027763
0.861113070701469,0.595672111986476,92.7226052678783,0.159372241696705,0.000811140950394329
0.875418696336171,0.745279517473365,107.76273832572,0.0655781971154387,0.00161407980867519
0.837207378294312,0.696890902990016,107.114630479558,0.132837849784247,0.00339882720217593
0.858468247491373,0.685711005405478,94.4946779554054,0.0656528331827175,0.000892125160178929
0.753594071225521,0.551870576487834,72.9414760029383,0.00260046280152565,0.000545805984712008
0.60826971982047,0.44934964101655,60.5840492621256,0.0122407884846768,0.000514312862980487
0.614621540996247,0.492134125627504,66.1083806906993,0.0103486645700823,0.000657506266280108
0.672597500202664,0.325029225864318,82.3932653709097,0.484083366430052,0.0044065970125817
0.329606548801926,0.265150766310662,36.922303799008,0.0870831167608667,0.00110729104209991
0.993034465849776,0.891305144677344,124.424997704711,0.0806333327281495,0.00509315726762464
0.776517634187461,0.581135238667174,88.9417357712919,0.100032667253412,0.000904741457266936
0.889723538489327,0.694345479204964,94.8435256175676,0.0746601622675469,0.000863925035622978
0.951043628921169,0.888806531755917,123.192148769105,0.0272764231036305,0.00341036388433403
0.726779900034538,0.515271069014466,83.3319647387935,0.142216000498938,0.000788068344322644
0.733395364866341,0.5843097124434,96.1469023366945,0.155930534055969,0.00280569082882465
0.51901727451256,0.346331942828566,55.086190590093,0.194752103193409,0.000780855771575434
0.434980328040155,0.3717515909522,53.1411508088438,0.128559553083048,0.00605047042813327
0.796965411861402,0.560967768444677,83.5456148701756,0.0945741191713651,0.000634227994211389
0.925971487670351,0.866991778833639,120.72152425085,0.00768577836034977,0.00249140084956825
0.779422435250396,0.691927530542061,96.4667652824525,0.0375584109939061,0.00170920647124942
0.904917131568975,0.716002005144048,106.662385392396,0.0721507010759455,0.000906965664717537
0.495915876410486,0.344122079618865,49.9769646357684,0.0866230160169936,0.000554744693418029
0.971917759586764,0.717532682062596,119.517998941202,0.209398346756195,0.00245427110348209
0.938659933064877,0.787709661499538,119.932212196534,0.098140494043204,0.00201122906904428
0.808096381203166,0.654339256029708,108.035008592909,0.155529010579863,0.00361603514406943
0.986146492401748,0.779244069151706,115.3385024161,0.124320777130756,0.00143009354677385
0.861587564708145,0.593971133902839,77.5829050203983,0.0389778473536087,0.000426855992886026
0.909173711867466,0.679207947776799,108.909201202241,0.191990645845497,0.00177907607450563
0.918121325218483,0.657591077199063,110.586063210269,0.227131162940119,0.00200848172772345
0.745144801355805,0.495559620184289,84.9388793714308,0.246118873925037,0.00121964848121691
0.810541589602498,0.678178879752008,105.655025112947,0.118545447007248,0.0032430523309531
0.779149795895717,0.72136574573298,95.0417322611243,0.0360367355074204,0.00282245029326992
0.873439453703662,0.530537035265535,94.0350356991158,0.216708084158622,0.000729888698047833
0.997403829401174,0.733056819242904,110.825814288134,0.129178660843425,0.000934450312568982
0.917443795412644,0.560409355798448,107.210418205079,0.323358196798867,0.00172832636949829
0.193364783170315,0.149151863505498,21.8239376963164,0.131004523870473,0.00161800390420013
0.985931256863233,0.83522406705537,127.43684869017,0.131729444768128,0.00608518761076832
0.728684382891395,0.332186647611396,87.3475289769278,0.46333364775666,0.00144404039435413
0.971029524023286,0.685315084211581,108.492633458264,0.182271255781524,0.0010204356919929
0.321310191697659,0.179013093619745,30.4180398578013,0.222738461450453,0.000537918900149061
0.862756031862931,0.799105329794371,109.60790709385,0.0446158712610901,0.00399819847070906
0.789149998421411,0.635996149214115,89.1445025139774,0.0679177275344177,0.00101163155122951
0.849744593772995,0.704234926926614,102.536634455938,0.0887254080964534,0.00148900960040676
0.76120532401555,0.42054834043236,95.4892728529211,0.421526572812113,0.00546535009663743
0.959513899691975,0.729705760446519,121.465251863797,0.2155793080484,0.00537646417238711
0.635156696669131,0.487422434125446,69.8064701380933,0.0847069312070627,0.000791274607000334
0.860070643353682,0.530036579933945,112.058450449951,0.333955249528571,0.00267666526766176
0.950026840145685,0.635426643583874,102.488248850204,0.144347460341434,0.000644853498703662
0.935926443856751,0.857850277548805,122.984645800136,0.0626581526411759,0.00606822084155096
0.762276886383578,0.52074029115459,94.8424294070498,0.285193314475099,0.00431076960087873
0.810509001520022,0.645426011458269,104.760510930566,0.176238296133563,0.00446181886766452
0.838960539472509,0.726927563313909,104.485050079249,0.106810385079515,0.00404815840785268
0.966800877774364,0.781756034665997,114.280500442586,0.1206901563108,0.00160359007454276
0.821336283587743,0.712168143613452,105.461460617295,0.0936252483789781,0.00355049594377632
0.809658980491664,0.683274023562018,107.983462251645,0.118013646733398,0.00352317795976914
0.988696922315837,0.668685771368528,101.7239560119,0.0940882923656263,0.000515275128914726
0.79641955519352,0.556051081051972,95.997955346997,0.256666556578765,0.00258660193893967
0.892288372915595,0.687182752603326,115.560035405966,0.183235712886117,0.00299200076028482
0.817020580180048,0.565789960556305,86.3457000600744,0.1215321484253,0.000691664147122359
0.617837830043612,0.513751458944183,78.9642359296093,0.134287593710066,0.00398768594003259
0.506897642777761,0.273780504521979,51.9186535580056,0.301433226725555,0.000727452897009636
0.691578462460686,0.581508573347206,81.41456419231,0.0838972210459161,0.00159515449443922
0.504437739800884,0.35506551774891,62.6960947489401,0.251493034421935,0.00314287184573341
0.794691052085985,0.739249009556543,107.487255083881,0.0514167669924567,0.00703677795919018
0.775638428337761,0.531815231803211,80.3846731422871,0.158230035762403,0.000804577932982927
0.706755435719645,0.518032091462537,75.7179109856983,0.0731696967182412,0.000665647409953056
0.557229628792836,0.230743421215911,34.2769034903412,0.172039570578966,0.000292412285771965
0.850647549727105,0.639759639563521,92.5522653711922,0.118795943897442,0.000905492899749931
0.767675279545754,0.436187145894366,71.4484006194843,0.228606962268855,0.000563149740399492
0.469978431642885,0.289769221126606,41.476666553929,0.081785700996585,0.000410070056575925
0.635115399467996,0.571266819100482,79.3332836609692,0.0889844793320437,0.00740859905559319
0.768656878375157,0.447890962840462,77.9904670448243,0.201734330188109,0.00060570139662086
0.881654452566453,0.832639101918766,118.121480022058,0.0189241788553137,0.00383910245127388
0.893065130674566,0.496177618628589,86.9589275480762,0.223600434723541,0.000483498672105088
0.849106972768644,0.550364160332246,105.872267918437,0.278904398788692,0.00166059990360277
0.867941527818305,0.629460395491104,105.813108133351,0.19639937830696,0.00159296483249943
0.978539740406084,0.898429886059157,116.987382400141,0.0119215220760458,0.00164507372073792
0.799509307081247,0.7378026492279,102.555151889559,0.0558310408855318,0.00601880386795733
0.924161692483624,0.689245315157162,115.693849679866,0.204630600232978,0.00232828058521922
0.747659446234828,0.583838615699728,82.313747217559,0.0268772664837525,0.000722322631072555
0.993146721718808,0.676674445064878,114.087601389735,0.172861055494623,0.000791400930562749
0.373929546551224,0.25454501845535,39.9535649836327,0.195923585367418,0.000977543416598779
0.618305064622985,0.488066339186487,73.0985568244263,0.144176264887724,0.00172583825032995
0.852464894977521,0.637944382950792,89.6257338693796,0.0505668152748691,0.000664018388845569
0.354741545507554,0.227204283016547,38.9156431626607,0.273755642807616,0.00134989128398645
0.682418768388812,0.482985058783329,77.5454222636873,0.190408941914654,0.00119797990430888
0.844089430293985,0.629205353372782,101.784193241555,0.184838103552532,0.00161361612276453
0.983025607756063,0.956801530382131,130.549992425252,0.00409073327453685,0.00608838578465452
0.683002235166893,0.572056967422717,85.3707139101211,0.146850207950759,0.00680729536481886
0.931343474636998,0.79128785941376,120.793320213954,0.0908531072330787,0.00208770093900708
0.601987241255424,0.529449409605007,69.1134479275822,0.0275994980502871,0.00121855382879521
0.872204017378932,0.60389293806722,99.0979040525999,0.217893560447764,0.00132819805903884
0.682202531455996,0.306555344536956,85.0416832805554,0.488994334328961,0.00184597315231604
0.831637307231255,0.739658438671611,100.740816601146,0.051543100663183,0.00221554539688849
0.777532585934409,0.475359692178226,89.9416177447763,0.315452876022918,0.00138913569564331
0.975889203458458,0.851758859912759,125.260694292394,0.0984664095670112,0.00439821819669251
0.532869698648768,0.474888071466083,60.2336406622786,0.00507636150707569,0.00110700681340909
0.848562271007105,0.717487745940108,106.062776276479,0.134675872613589,0.00523771788497733
0.697121407699575,0.586950024072965,87.9058077964977,0.0995914107042758,0.00237424407331287
0.785387750172516,0.619334185883777,83.3455654604266,0.0579329286387871,0.000822050908469635
0.870381524569975,0.593682935187003,88.7062189612339,0.149975807455506,0.000665400840461381
0.588578862274746,0.558852116237403,79.1239515851467,0.0229693807145413,0.00555403651929295
0.733683841510031,0.447557201864162,77.8315823771484,0.230316431987467,0.000738612162473091
0.732336889943864,0.694015237124534,95.6089771655323,0.00621108109387183,0.00266305526864244
0.909133295554323,0.823594606637022,115.349619104876,0.0401132275244721,0.00259681890446346
0.925298725859548,0.740115796275407,117.013288888456,0.164938453728235,0.00324843877407931
0.974350696178489,0.68518944914428,106.605065006354,0.182742939613792,0.000941039229065657
0.975277912619307,0.60712823542974,116.664603026348,0.326928851765654,0.00210807344565483
0.863457530522463,0.619898002465797,97.7497294933129,0.157114979199118,0.00097027560231858
0.550347668534664,0.301378665009698,58.3724562281585,0.29446999952869,0.000669410871966918
0.793113957694894,0.36782005456875,72.6327415982924,0.295109159481948,0.000501703526525129
0.940146940618524,0.658152827805771,117.065581058143,0.229744026324158,0.00156585924717598
0.978513221742756,0.690947136249833,112.069657858618,0.206770155358999,0.00131630513461581
0.858630907042227,0.645883763575185,103.66734749065,0.147433517316035,0.00133940553393882
0.956310932362489,0.541020289972572,101.797181522112,0.304796971154264,0.000873112831460098
0.67022219448929,0.572224701481846,79.362461349679,0.0494437444225579,0.00120214972074972
0.805195479472553,0.718200659610667,100.415560359503,0.00795401378840858,0.00120963691312567
0.970631775890546,0.704570593275669,125.261199112762,0.239217131077466,0.00399923805016942
0.934587697689271,0.749600642257009,107.971953279021,0.0654787038848322,0.000867986643927051
0.719280043240755,0.448075756269429,77.5634453580109,0.241470817342814,0.000813655210274458
0.938835235236421,0.486129712572201,111.587223761597,0.423696013462819,0.00171605898951959
0.788058871621906,0.501537553738048,79.8752143112298,0.182969742094085,0.000637254723276025
0.741896256206094,0.713828389419731,95.5049890321071,0.00512226120463927,0.00378509644794538
0.805343133140789,0.537520261321176,91.7350826992432,0.2574085155427,0.00149781217097344
0.837821825006839,0.49989412362133,82.9617778203656,0.194208776558734,0.000509217267059648
0.81550131123774,0.46891591598239,106.06323784182,0.382098198379696,0.003201061775869
0.830008934362232,0.622835325598731,89.4523028758346,0.108216778060282,0.000816504235137303
0.82330641996691,0.540206728109813,90.7343901593596,0.19691025292235,0.00086226050513377
0.975777951396155,0.61607937174947,113.53684684622,0.3071092828053,0.00160322851922504
0.728197620121641,0.646306862142259,91.8707728556257,0.0580143431692945,0.00255063667958856
0.939008952344563,0.775715350465275,99.8836937085552,0.0191112812719722,0.00086168980645907
0.974668704320969,0.753806305239723,108.055353417567,0.0358951090955544,0.000665428749735496
0.49920444530124,0.304397793773965,43.8383438598001,0.126513333376813,0.000463586643665077
0.824866419555863,0.697089293521878,92.5047634146771,0.03118640660409,0.00101452880075871
0.852844151938261,0.623957478337069,106.234846222765,0.223931138063661,0.00287246013135034
0.776276037628422,0.610107922250304,97.1283675819043,0.161309917061985,0.00255151578639029
0.821889842981037,0.700832335964311,95.1932096625248,0.0648866390021138,0.0016014793229338
0.880161841907992,0.805119522958693,112.745126723363,0.0363810871303928,0.0027159036449209
0.99133725291801,0.684824036984353,112.352631764051,0.182840926828337,0.000955536288157337
0.834912873929291,0.600589311664134,103.849579968957,0.219248676631994,0.00214944015200142
0.842520286414928,0.643760726050948,106.770891707926,0.181370544343771,0.00252279622343364
0.714420904375481,0.376370749694339,84.7260441941556,0.423102629072697,0.00241239242734878
0.752825208543547,0.591207101175555,95.2701907767804,0.167705954443316,0.00264828940207301
0.984902816996358,0.697624739678966,118.224242178114,0.236494570888164,0.00200282943091789
0.6603556032752,0.464451411864897,76.0356195740424,0.212599724132206,0.00139072331511865
0.749344725656985,0.554878793102644,76.1570587626519,0.00457030398918014,0.000571676563597052
0.480657409124158,0.374551166325839,59.617380246317,0.153355086532208,0.00185395207018511
0.756492826871554,0.544855480757442,78.6463081852025,0.0623964283696547,0.000592469598412017
0.939979123063679,0.433286065833887,112.462061116453,0.470875810948227,0.00145786572542097
0.88099705823696,0.663647383883181,106.171227025904,0.20519656603585,0.00254020426127114
0.995017746676506,0.675319263037406,113.256806397688,0.178181281847767,0.000887171926961842
0.868700015161457,0.47367009360024,68.0948503420421,0.110477757389486,0.000387881588493739
0.811272572512075,0.617167426550937,97.8360714582284,0.187564579931109,0.00223760743328237
0.780855369734563,0.446994806839202,84.5839235604031,0.279516400919178,0.000761662630147223
0.83559377919258,0.610270657984894,101.522855675381,0.215816711209879,0.00214773880408705
0.543294918236062,0.392878600059917,54.5687134472247,0.0303304554856435,0.000572637451060007
0.948913435958225,0.666752921137713,104.193999904372,0.156326107914255,0.000839409931407745
0.859541151445808,0.549730880343763,107.648659877069,0.344816461816404,0.00972058220781472
0.751342994276639,0.409378851632754,70.8339912978409,0.205222925107451,0.00048006997655386
0.552080377564271,0.491190026235926,70.0038369320206,0.0542884849980877,0.00240455674089927
0.934698498000385,0.661638765396362,100.712512635006,0.0914931185768207,0.000579707243192484
0.687752182237247,0.568551793783366,75.0523262371962,0.0265682466655394,0.000898133467922362
0.883239208738798,0.787830576141206,103.976990502891,0.0309324487017545,0.00160815123599839
0.799963426077265,0.728806786225693,93.6616129886214,0.0159434022244158,0.00175035375989111
0.529300958082868,0.424960729149233,65.0064703329173,0.140832639865076,0.00232177534865791
0.722808883244072,0.58889110762918,74.0167316561399,0.00329280395075138,0.000741072218226478
0.913305576978227,0.538854589050553,92.3933267793134,0.234423720649415,0.000639400148839091
0.782370264793674,0.510266865676077,79.2542180241619,0.145982123190083,0.000592368996474796
0.860565589725898,0.635446716687798,111.952785871412,0.239604050676922,0.00674041475086721
0.652312124624626,0.481515760624419,83.087488824667,0.224214018914681,0.00338792836622804
